{
  "coverImageFilename": "Reee2.gif",
  "icon": "Reee2.gif",
  "components": [
    {
      "Type": "AssetsMod",
      "InstallAction": {
        "PreloadFiles": [
          "{{MenuTitle}}"
        ],
        "Actions": [
          {
            "Type": "ReplaceAsset",
            "FromDataFile": "LogoBat.dat",
            "Locator": {
              "TypeIs": "Texture2D",
              "NameIs": "LogoBat"
            },
            "AllowOverwriteName": false,
            "StepNumber": 1
          },
          {
            "Type": "ReplaceAsset",
            "FromDataFile": "LogoE.dat",
            "Locator": {
              "TypeIs": "Texture2D",
              "NameIs": "LogoE"
            },
            "AllowOverwriteName": false,
            "StepNumber": 2
          },
          {
            "Type": "ReplaceAsset",
            "FromDataFile": "LogoSaber.dat",
            "Locator": {
              "TypeIs": "Texture2D",
              "NameIs": "LogoSaber"
            },
            "AllowOverwriteName": false,
            "StepNumber": 3
          }
        ]
      },
      "UninstallAction": {
        "PreloadFiles": [
          "{{MenuTitle}}"
        ],
        "Actions": [
          {
            "Type": "RestoreAsset",
            "Locator": {
              "TypeIs": "Texture2D",
              "NameIs": "LogoBat"
            },
            "StepNumber": 1
          },
          {
            "Type": "RestoreAsset",
            "Locator": {
              "TypeIs": "Texture2D",
              "NameIs": "LogoE"
            },
            "StepNumber": 2
          },
          {
            "Type": "RestoreAsset",
            "Locator": {
              "TypeIs": "Texture2D",
              "NameIs": "LogoSaber"
            },
            "StepNumber": 3
          }
        ]
      }
    }
  ],
  "version": "1.2.0",
  "links": {},
  "description": [
    "WhAt ThE hElL i HiT tHaT nOtE!!!!1!!\nPinkSaber - (Pink#3877), An_Innocent_Bystander - (an_innocent_bystander#7599), Please Message us with any issues!"
  ],
  "gameVersion": "1.6.0",
  "platform": "Quest",
  "id": "Reeeeeeeeee",
  "name": "Reeeeeeeeee Sign",
  "author": "PinkSaber & An_Innocent_Bystander",
  "category": "Other"
}