{
  "id": "NoHealthAndSafety",
  "name": "NoHealthAndSafety Mod!",
  "author": "Rugtveit",
  "description": [
      "This disables HealthAndSafety popup at start!"
  ],
  "category": "Gameplay",
  "gameVersion": "1.6.0",
  "version": "1.0.0",
  "config": {},
  "links": {
  },
  "platform": "Quest",
  "components": [
    {
      "Type": "HookMod",
      "InstallAction": {
        "InstallLibraryFile": "libnohealthandsafety.so"
      },
      "UninstallAction": {
        "RemoveLibraryFile": "libnohealthandsafety.so"
      }
    }
  ]
}