{
  "coverImageFilename": "Cover.png",
  "icon": "Cover.png",
  "components": [
    {
      "Type": "AssetsMod",
      "InstallAction": {
        "PreloadFiles": [
          "{{Saber}}"
        ],
        "Actions": [
          {
            "Type": "ReplaceAsset",
            "FromDataFile": "SaberBlade.dat",
            "Locator": {
              "TypeIs": "Mesh",
              "NameIs": "SaberBlade"
            },
            "AllowOverwriteName": false,
            "StepNumber": 1
          },
          {
            "Type": "ReplaceAsset",
            "FromDataFile": "SaberGlowingEdges.dat",
            "Locator": {
              "TypeIs": "Mesh",
              "NameIs": "SaberGlowingEdges"
            },
            "AllowOverwriteName": false,
            "StepNumber": 2
          },
          {
            "Type": "ReplaceAsset",
            "FromDataFile": "SaberHandle.dat",
            "Locator": {
              "TypeIs": "Mesh",
              "NameIs": "SaberHandle"
            },
            "AllowOverwriteName": false,
            "StepNumber": 3
          }
        ]
      },
      "UninstallAction": {
        "PreloadFiles": [
          "{{Saber}}"
        ],
        "Actions": [
          {
            "Type": "RestoreAsset",
            "Locator": {
              "TypeIs": "Mesh",
              "NameIs": "SaberBlade"
            },
            "StepNumber": 1
          },
          {
            "Type": "RestoreAsset",
            "Locator": {
              "TypeIs": "Mesh",
              "NameIs": "SaberGlowingEdges"
            },
            "StepNumber": 2
          },
          {
            "Type": "RestoreAsset",
            "Locator": {
              "TypeIs": "Mesh",
              "NameIs": "SaberHandle"
            },
            "StepNumber": 3
          }
        ]
      }
    }
  ],
  "version": "1.2.0",
  "links": {},
  "description": [
    "Help Link Achieve His New Groove!\nPinkSaber - (Pink#3877), An_Innocent_Bystander - (an_innocent_bystander#7599), Please Message us with any issues!"
  ],
  "gameVersion": "1.6.0",
  "platform": "Quest",
  "id": "LoZMasterSword",
  "name": "Master Swords - The Legend Of Zelda",
  "author": "PinkSaber & An_Innocent_Bystander",
  "category": "Saber"
}